{"ERC20":{"gse":92,"hex":100,"idk":100,"lpt":2.0644599685228,"lrc":5,"ocn":5,"sai":1.1},"ETH":0.000002366788536,"timestamp":"2/27/2023, 3:51:29 AM"}